url,label
https://xixi55.net/auth/register,CloudflareDefenseV2
https://naiko.cloud/auth/register,CloudflareDefenseV2
https://xmrth.com/auth/register,CloudflareDefenseV2
https://renzhe.cloud/auth/register,CloudflareDefenseV2
https://yuko.work/auth/register,CloudflareDefenseV2
https://www.pilor.net/auth/register,CloudflareDefenseV2
https://www.hnyhgl.com/auth/register,CloudflareDefenseV2
https://7sucloud.vip/auth/register,CloudflareDefenseV2
https://amatrixap.com/auth/register,Email Validation
https://znetvpn.xyz/auth/register,Email Validation
https://dukan.monster/auth/register,Email Validation
https://bgpnet.org/auth/register,Email Validation
https://qiaqia.io/auth/register,Email Validation
https://1.mjjspeed.com/auth/register,Email Validation
https://fast-fish.me/auth/register,Email Validation
https://worldnod.top/auth/register,Email Validation
https://g01.info/auth/register,Email Validation
https://iqiaqia.xyz/auth/register,Email Validation
https://kuaiyu2.xyz/auth/register,Email Validation
https://baozi.bgpnet.org/auth/register,Email Validation
https://znetvpn.club/auth/register,Email Validation
https://www.tail.one/auth/register,Email Validation
https://alpha.tail.one/auth/register,Email Validation
https://ss.mugua.one/auth/register,Email Validation
https://cesmax.com/auth/register,Email Validation
https://lilyco.cc/auth/register,Email Validation
https://dash.tail.one/auth/register,Email Validation
https://vjth.de/auth/register,Email Validation
https://www.mjjspeed.com/auth/register,Email Validation
https://fhuovp.com/auth/register,Email Validation
https://vpiv.app/auth/register,Email Validation
https://789vpn.top/auth/register,Email Validation;GeeTest Validation
https://jiying789.com/auth/register,Email Validation;GeeTest Validation
https://www.789vpn.top/auth/register,Email Validation;GeeTest Validation
https://www.netpad.info/auth/register,Email Validation;GeeTest Validation
https://jyplus.cloud/auth/register,Email Validation;GeeTest Validation
https://tanz.website/auth/register,GeeTest Validation
https://suyunti1.com/auth/register,GeeTest Validation
https://www.reoen.xyz/auth/register,GeeTest Validation
https://admin.dogvpn.me/auth/register,GeeTest Validation
https://zhuifengdao.shop/auth/register,GeeTest Validation
https://jsm.one/auth/register,GeeTest Validation
https://www.99ftq.xyz/auth/register,GeeTest Validation
https://dogvpn.me/auth/register,GeeTest Validation
https://jike138.com/auth/register,GeeTest Validation
https://gogoo.club/auth/register,GeeTest Validation
https://haohaolaowang.xyz/auth/register,GeeTest Validation
https://feisu191.com/auth/register,GeeTest Validation
https://ftqpro.com/auth/register,GeeTest Validation
https://vvac.asia/auth/register,GeeTest Validation
https://suying222.net/auth/register,GeeTest Validation
https://www.jssrvpnssr.xyz/auth/register,GeeTest Validation
https://shynia.com/auth/register,GeeTest Validation
https://www.gftech.cc/auth/register,GeeTest Validation
https://suying00.com/auth/register,GeeTest Validation
https://jike191.com/auth/register,GeeTest Validation
https://58ftq.com/auth/register,GeeTest Validation
https://suying999.net/auth/register,GeeTest Validation
https://www.jafiyun.fun/auth/register,GeeTest Validation
https://youyun9.com/auth/register,GeeTest Validation
https://www.netsfaster.com/auth/register,GeeTest Validation
https://juzi66.com/auth/register,GeeTest Validation
https://www.jssrvpn.xyz/auth/register,GeeTest Validation
https://suying100.com/auth/register,GeeTest Validation
https://feisucloud.net/auth/register,GeeTest Validation
https://jike0.net/auth/register,GeeTest Validation
https://tianhang.shop/auth/register,GeeTest Validation
https://tanzcloud.net/auth/register,GeeTest Validation
https://www.chengxin.ml/auth/register,GeeTest Validation
https://vlinks.cc/auth/register,GeeTest Validation
https://jike391.com/auth/register,GeeTest Validation
https://www.wolun7.com/auth/register,GeeTest Validation
https://suyunti.org/auth/register,GeeTest Validation
https://beebeeline.biz/auth/register,GeeTest Validation
https://juziyun66.com/auth/register,GeeTest Validation
https://go.zhuifengdao.com/auth/register,GeeTest Validation
https://wgy0.com/auth/register,GeeTest Validation
https://user.huojian999.com/auth/register,GeeTest Validation
https://ssr.pogoss.vip/auth/register,GeeTest Validation
https://suyunti.com/auth/register,GeeTest Validation
https://panel.testred.xyz/auth/register,GeeTest Validation
https://feisu261.xyz/auth/register,GeeTest Validation
https://www.58ftq.com/auth/register,GeeTest Validation
https://zhuzhu12.xyz/auth/register,GeeTest Validation
https://s8ks.us/auth/register,GeeTest Validation
https://www.sufeibeiyong.top/auth/register,GeeTest Validation
https://oceancloud.asia/auth/register,GeeTest Validation
https://www.dabai.in/auth/register,GeeTest Validation
https://www.dingdangyun.lol/auth/register,GeeTest Validation
https://suyunti5.net/auth/register,GeeTest Validation
https://jsmao.xyz/auth/register,GeeTest Validation
https://jike.ph/auth/register,GeeTest Validation
https://youyun688.net/auth/register,GeeTest Validation
https://youyun00.com/auth/register,GeeTest Validation
https://fanqiev2.work/auth/register,GeeTest Validation
https://gflink.net/auth/register,GeeTest Validation
https://www.91ftq.com/auth/register,GeeTest Validation
https://tanzcloud.com/auth/register,GeeTest Validation
https://youyun688.com/auth/register,GeeTest Validation
https://maossr.top/auth/register,GeeTest Validation
https://www.paopaoyun.fun/auth/register,GeeTest Validation
https://www.huojian888.xyz/auth/register,GeeTest Validation
https://juzi111.com/auth/register,GeeTest Validation
https://www.reoen.top/auth/register,GeeTest Validation
https://huojian111.com/auth/register,GeeTest Validation
https://suying112.com/auth/register,GeeTest Validation
https://jike0001.net/auth/register,GeeTest Validation
https://youyun666.com/auth/register,GeeTest Validation
https://www.huojian999.xyz/auth/register,GeeTest Validation
https://www.recearone.life/auth/register,GeeTest Validation
https://doggetech.com/auth/register,GeeTest Validation
https://www.sufeicloud.xyz/auth/register,GeeTest Validation
https://juzi69.com/auth/register,GeeTest Validation
https://suyunti.net/auth/register,GeeTest Validation
https://www.vvac.asia/auth/register,GeeTest Validation
https://noir1216.xyz/auth/register,GeeTest Validation
https://gogo.bid/auth/register,GeeTest Validation
https://gogoo.cyou/auth/register,GeeTest Validation
https://jljs.pro/auth/register,GeeTest Validation
https://www.jafiyun.cc/auth/register,GeeTest Validation
https://dogcloud.co/auth/register,GeeTest Validation
https://www.jssr.cc/auth/register,GeeTest Validation
https://netsfaster.top/auth/register,GeeTest Validation
https://sy168.site/auth/register,GeeTest Validation
https://www.vzone.icu/auth/register,GeeTest Validation
https://feisucloud.com/auth/register,GeeTest Validation
https://pro.crosswall.cc/auth/register,GeeTest Validation
https://xniuniu888.site/auth/register,GeeTest Validation
https://www.nima.moe/auth/register,Google reCAPTCHA
https://www.heduian.cyou/auth/register,Google reCAPTCHA
https://nima.moe/auth/register,Google reCAPTCHA
https://ppv2.cc/auth/register,Google reCAPTCHA
https://wingybubble.men/auth/register,Google reCAPTCHA
https://gsou.link/auth/register,Google reCAPTCHA
https://www.wing.im/auth/register,Google reCAPTCHA
https://ppcloud.vip/auth/register,Google reCAPTCHA
https://www.wiougong.space/auth/register,Google reCAPTCHA
https://biteb.click/auth/register,Google reCAPTCHA
https://gsoust.xyz/auth/register,Google reCAPTCHA
https://www.mxyssr.fun/auth/register,Google reCAPTCHA
https://www.wiougong.me/auth/register,Google reCAPTCHA
https://gsoula.cloud/auth/register,Google reCAPTCHA
https://mukusc.com/auth/register,Normal
https://eifa.cloud/auth/register,Normal
https://www.moyucloud.com/auth/register,Normal
https://defucloud.vip/auth/register,Normal
https://www.pangyu888.com/auth/register,Normal
https://anegg.win/auth/register,Normal
https://speedcat.ws/auth/register,Normal
https://vprays.xv.cm/auth/register,Normal
https://dy.feixia99.top/auth/register,Normal
https://xixicats.pw/auth/register,Normal
https://www.tui889.xyz/auth/register,Normal
https://a.sdmone.pro/auth/register,Normal
https://cv2.fun/auth/register,Normal
https://sks.skin/auth/register,Normal
https://www.kaikaiyun.online/auth/register,Normal
https://kuaiyun999.cc/auth/register,Normal
https://gcphk.bananapro.live/auth/register,Normal
https://mukvps.com/auth/register,Normal
https://slinkage.cc/auth/register,Normal
https://www.kmbyun.com/auth/register,Normal
https://xixi0001.com/auth/register,Normal
https://www.onecat.cc/auth/register,Normal
https://www.tui789.xyz/auth/register,Normal
https://98yys.pw/auth/register,Normal
https://www.freedog.pw/auth/register,Normal
https://kuaiyun999.vip/auth/register,Normal
https://500ml.win/auth/register,Normal
https://cv2.link/auth/register,Normal
https://skr.bar/auth/register,Normal
https://flyingbird.pro/auth/register,Normal
https://www.s-cat.win/auth/register,Normal
https://xixi.ph/auth/register,Normal
https://www.eifa.cloud/auth/register,Normal
https://weixiaovpn.com/auth/register,Normal
https://mukusd.com/auth/register,Normal
https://skc.bar/auth/register,Normal
https://m.lemon77.im/auth/register,Normal
https://sevenvpn.top/auth/register,Normal
https://www.kuaiyun999.vip/auth/register,Normal
https://mgnet.vip/auth/register,Normal
https://mukurl.com/auth/register,Normal
https://cv2.work/auth/register,Normal
https://11v.io/auth/register,Normal
https://www.anegg.win/auth/register,Normal
https://api-pf.xyz/auth/register,Normal
https://cv2.info/auth/register,Normal
https://www.xmfjsq.com/auth/register,Normal
https://www.ktyjsq.com/auth/register,Normal
https://zerocloud.works/auth/register,Normal
https://htavpn.com/auth/register,Normal
https://shadowrocket.co/auth/register,Normal
https://starkspeed.xyz/auth/register,Normal
https://zerozero.life/auth/register,Normal
https://9d9x.xyz/auth/register,Normal
https://www.shadowrocket.co/auth/register,Normal
https://ipyipy.cc/auth/register,Normal
https://www.ytdy666.buzz/auth/register,Normal
https://8d8x.xyz/auth/register,Normal
https://www.99ssc.xyz/auth/register,Normal
https://www.xmyjsq.com/auth/register,Normal
https://www.kthjsq.com/auth/register,Normal
https://v.500ml.xyz/auth/register,Normal
https://zeroclouds.xyz/auth/register,Normal
https://cv2.us/auth/register,Normal
http://suannai123.xyz/auth/register,危险通信(HTTP)
http://dianziyan.me/auth/register,危险通信(HTTP)
http://lse112233.icu/auth/register,危险通信(HTTP)
http://149.129.111.59/auth/register,危险通信(HTTP)
http://www.syvpn.buzz/auth/register,危险通信(HTTP)
http://www.2333turbo.art/auth/register,危险通信(HTTP)
http://ssr017.xyz/auth/register,危险通信(HTTP)
http://wrtcpalcuin.xyz/auth/register,危险通信(HTTP)
http://www.xixisoft.com/auth/register,危险通信(HTTP)
http://www.ckcloud.cc/auth/register,危险通信(HTTP)
http://www.littleqqq.com/auth/register,危险通信(HTTP)
http://216.127.187.77/auth/register,危险通信(HTTP)
http://yesdaddy.win/auth/register,危险通信(HTTP)
http://kthyun.com/auth/register,危险通信(HTTP)
http://雫猫.com/auth/register,危险通信(HTTP)
http://058850.xyz/auth/register,危险通信(HTTP)
http://fanqiang888.xyz/auth/register,危险通信(HTTP)
http://wookong.fun/auth/register,危险通信(HTTP)
http://ph.coocoo.win/auth/register,危险通信(HTTP)
http://xundavp.xyz/auth/register,危险通信(HTTP)
http://152.70.240.123/auth/register,危险通信(HTTP)
http://clould.ltd/auth/register,危险通信(HTTP)
http://www.xiongxxz.xyz/auth/register,危险通信(HTTP)
http://vpnation.net/auth/register,危险通信(HTTP)
http://raskcloud.online/auth/register,危险通信(HTTP)
http://bitecloud.xyz/auth/register,危险通信(HTTP)
http://houzi.ml/auth/register,危险通信(HTTP)
http://www.vhwke.com/auth/register,危险通信(HTTP)
http://www.orangespeed.xyz/auth/register,危险通信(HTTP)
http://weixiaojiasu.xyz/auth/register,危险通信(HTTP)
http://xc688.xyz/auth/register,危险通信(HTTP)
http://www.endoxx.xyz/auth/register,危险通信(HTTP)
http://103.79.77.68/auth/register,危险通信(HTTP)
http://www.hjtnt.com/auth/register,危险通信(HTTP)
http://bfgok.com/auth/register,危险通信(HTTP)
http://slinks.asia/auth/register,危险通信(HTTP)
http://yunyunyun.date/auth/register,危险通信(HTTP)
http://www.niuniu.site/auth/register,危险通信(HTTP)
http://www.oladbeauty.xyz/auth/register,危险通信(HTTP)
http://f8b9.com/auth/register,危险通信(HTTP)
http://jindouyunsw.com/auth/register,危险通信(HTTP)
http://www.laowuvpn.com/auth/register,危险通信(HTTP)
http://www.sky-sky.cc/auth/register,危险通信(HTTP)
http://www.mogu-cloud.xyz/auth/register,危险通信(HTTP)
http://www.tkcloud.xyz/auth/register,危险通信(HTTP)
http://xiaocloud.club/auth/register,危险通信(HTTP)
http://www.pandabb.xyz/auth/register,危险通信(HTTP)
http://starbzp.com/auth/register,危险通信(HTTP)
http://t-one.xyz/auth/register,危险通信(HTTP)
http://m.xhhv2.com/auth/register,危险通信(HTTP)
http://www.52jingtanhao.men/auth/register,危险通信(HTTP)
http://pixiv.digital/auth/register,危险通信(HTTP)
http://v2find.club/auth/register,危险通信(HTTP)
http://cloudtu.cc/auth/register,危险通信(HTTP)
http://www.ojbk.pw/auth/register,危险通信(HTTP)
http://yooo.me/auth/register,危险通信(HTTP)
http://www.superfast8.com/auth/register,危险通信(HTTP)
http://www.hhnjs666.com/auth/register,危险通信(HTTP)
http://www.cloudbb.win/auth/register,危险通信(HTTP)
http://www.skymanhua.net/auth/register,危险通信(HTTP)
http://52jingtanhao.party/auth/register,危险通信(HTTP)
http://www.pilor.net/auth/register,危险通信(HTTP)
http://www.8pig.org/auth/register,危险通信(HTTP)
http://www.txscloud.xyz/auth/register,危险通信(HTTP)
http://www.hnyhgl.com/auth/register,危险通信(HTTP)
http://ksjb.xyz/auth/register,危险通信(HTTP)
http://52node.xyz/auth/register,危险通信(HTTP)
http://www.jindoucloud.life/auth/register,危险通信(HTTP)
http://www.tgzm.xyz/auth/register,危险通信(HTTP)
http://滑稽场.com/auth/register,危险通信(HTTP)
http://www.plfvgybhfddnjm.xyz/auth/register,危险通信(HTTP)
http://10cloud.xyz/auth/register,危险通信(HTTP)
http://mfyun.xyz/auth/register,危险通信(HTTP)
http://sevenvpn.top/auth/register,危险通信(HTTP)
http://www.fignet.cn/auth/register,危险通信(HTTP)
http://www.feixun.club/auth/register,危险通信(HTTP)
http://situcloud.cf/auth/register,危险通信(HTTP)
http://www.jindouyunsw.com/auth/register,危险通信(HTTP)
http://www.52jingtanhao.org/auth/register,危险通信(HTTP)
http://22044.site/auth/register,危险通信(HTTP)
http://www.cesuser.com/auth/register,危险通信(HTTP)
http://199.255.96.216/auth/register,危险通信(HTTP)
http://156.251.165.21/auth/register,危险通信(HTTP)
http://www.htavpn.com/auth/register,危险通信(HTTP)
http://api.99yun.info/auth/register,危险通信(HTTP)
http://www.99asdy.club/auth/register,危险通信(HTTP)
http://57s.in/auth/register,危险通信(HTTP)
http://www.fastvpn.top/auth/register,危险通信(HTTP)
http://wolun7.com/auth/register,危险通信(HTTP)
http://nanoda.site/auth/register,危险通信(HTTP)
http://www.rainji.cn/auth/register,危险通信(HTTP)
http://hideme.fun/auth/register,危险通信(HTTP)
http://wobaligang.xyz/auth/register,危险通信(HTTP)
http://www.applegame.xyz/auth/register,危险通信(HTTP)
http://47.91.14.174/auth/register,危险通信(HTTP)
http://198.211.36.199/auth/register,危险通信(HTTP)
http://vpn-wangluo.info/auth/register,危险通信(HTTP)
http://xiongpapa.com/auth/register,危险通信(HTTP)
http://www.sdmone.pro/auth/register,危险通信(HTTP)
http://www.v2mjj.com/auth/register,危险通信(HTTP)
http://superfast8.com/auth/register,危险通信(HTTP)
http://wanda123.xyz/auth/register,危险通信(HTTP)
http://karmai.xyz/auth/register,危险通信(HTTP)
http://www.移不动.club/auth/register,危险通信(HTTP)
http://www.nima.moe/auth/register,危险通信(HTTP)
http://www.qiuniu.top/auth/register,危险通信(HTTP)
http://www.wolun7.com/auth/register,危险通信(HTTP)
http://ssr012.xyz/auth/register,危险通信(HTTP)
http://malivpn.com/auth/register,危险通信(HTTP)
http://subclsnet.com/auth/register,危险通信(HTTP)
http://htavpn.com/auth/register,危险通信(HTTP)
http://renyimen.buzz/auth/register,危险通信(HTTP)
http://kmbyun.com/auth/register,危险通信(HTTP)
http://bigm.cloud/auth/register,危险通信(HTTP)
http://heisenberg.club/auth/register,危险通信(HTTP)
http://yuzho.xyz/auth/register,危险通信(HTTP)
http://www.ytdy666.buzz/auth/register,危险通信(HTTP)
http://www.10cloud.xyz/auth/register,危险通信(HTTP)
http://ufox.me/auth/register,危险通信(HTTP)
http://laowuhk.xyz/auth/register,危险通信(HTTP)
http://140.238.10.38/auth/register,危险通信(HTTP)
http://www.spacexjc.xyz/auth/register,危险通信(HTTP)
http://meng1688.win/auth/register,危险通信(HTTP)
http://pixiv.life/auth/register,危险通信(HTTP)
http://2023457.xyz/auth/register,危险通信(HTTP)
http://fastvpn.top/auth/register,危险通信(HTTP)
http://www.jxyun588.xyz/auth/register,危险通信(HTTP)
http://wangmen.xyz/auth/register,危险通信(HTTP)
http://greenorange.club/auth/register,危险通信(HTTP)
http://houzi.me/auth/register,危险通信(HTTP)
http://www.daishuvpn.top/auth/register,危险通信(HTTP)
http://www.uuyunsw.com/auth/register,危险通信(HTTP)
http://www.ldjs.xyz/auth/register,危险通信(HTTP)
http://www.98yys.pw/auth/register,危险通信(HTTP)
http://tudouvp.com/auth/register,危险通信(HTTP)
http://wolun555.com/auth/register,危险通信(HTTP)
http://flyingbird.pro/auth/register,危险通信(HTTP)
http://oxopron888.top/auth/register,危险通信(HTTP)
http://purefast.net/auth/register,危险通信(HTTP)
http://52vpn.club/auth/register,危险通信(HTTP)
http://20991231.xyz/auth/register,危险通信(HTTP)
http://www.yydsjs.xyz/auth/register,危险通信(HTTP)
http://mfcloud.host/auth/register,危险通信(HTTP)
http://www.oing.xyz/auth/register,危险通信(HTTP)
http://www.ggjsq.xyz/auth/register,危险通信(HTTP)
http://v2mjj.com/auth/register,危险通信(HTTP)
http://cloudshoes.org/auth/register,危险通信(HTTP)
http://ssr011.xyz/auth/register,危险通信(HTTP)
http://linkhub.support/auth/register,危险通信(HTTP)
https://ikuuu.dev/auth/register,拒绝注册
https://seagullvpn.com/auth/register,拒绝注册
https://csvpn.xyz/auth/register,拒绝注册
https://vfentou.com/auth/register,拒绝注册
https://www.csvpn.xyz/auth/register,拒绝注册
https://www.ktfyun.com/auth/register,拒绝注册
https://vofolo.net/auth/register,拒绝注册
https://jgjc.pw/auth/register,拒绝注册
https://www.heduian.cloud/auth/register,拒绝注册
https://www.miaomiaowu114514.xyz/auth/register,拒绝注册
https://gs1024.com/auth/register,拒绝注册
https://abuxiaoxi.top/auth/register,拒绝注册
https://kakayun.xyz/auth/register,拒绝注册
https://lse112233.icu/auth/register,拒绝注册
https://sgy58.com/auth/register,拒绝注册
https://swgj.xyz/auth/register,拒绝注册
https://c-u.us/auth/register,拒绝注册
https://www.netpad.rocks/auth/register,拒绝注册
https://vv.wtf.day/auth/register,拒绝注册
https://www.kaikaiyun.icu/auth/register,拒绝注册
https://jgjc.top/auth/register,拒绝注册
https://kuailian-vpn.de/auth/register,拒绝注册
https://lse112233.ml/auth/register,拒绝注册
https://fanqiev2.com/auth/register,拒绝注册
https://dddd.xxxxpppp.cyou/auth/register,拒绝注册
https://wwa.qtycloud.xyz/auth/register,拒绝注册
https://flysocks.pw/auth/register,拒绝注册
https://gsssr.xyz/auth/register,拒绝注册
https://misakanetwork.co/auth/register,拒绝注册
https://s-cat.win/auth/register,拒绝注册
https://light-up.cc/auth/register,拒绝注册
https://www.riyumi.xyz/auth/register,拒绝注册
https://www.c-u.us/auth/register,拒绝注册
https://ikuuu.ltd/auth/register,拒绝注册
https://wocaovee.com/auth/register,拒绝注册
https://niuniuniu.link/auth/register,拒绝注册
https://yhy123.xyz/auth/register,拒绝注册
https://www.jcbb.xyz/auth/register,拒绝注册
https://utunnel.net/auth/register,拒绝注册
https://kiko.tifa1.top/auth/register,拒绝注册
https://ricenet.cc/auth/register,拒绝注册
https://iceyun.one/auth/register,拒绝注册
https://tiantian997.com/auth/register,拒绝注册
https://www.zifaner.com/auth/register,拒绝注册
https://leline.net/auth/register,拒绝注册
https://www.akcloud.co/auth/register,拒绝注册
https://www.woccloud.org/auth/register,拒绝注册
https://znet-client.club/auth/register,拒绝注册
https://seecloud.top/auth/register,拒绝注册
https://ikuuu.live/auth/register,拒绝注册
https://kkjiasu.com/auth/register,拒绝注册
https://llhyun.com/auth/register,拒绝注册
https://yubanssr.xyz/auth/register,拒绝注册
https://eatpeach.top/auth/register,拒绝注册
https://www.luckyss.xyz/auth/register,拒绝注册
https://20212345.xyz/auth/register,拒绝注册
https://flysocks.tools/auth/register,拒绝注册
https://www.jafiyun.online/auth/register,拒绝注册
https://500ml.buzz/auth/register,拒绝注册
https://www.maomi.in/auth/register,拒绝注册
https://kirssr.live/auth/register,拒绝注册
https://v2.goworld.xyz/auth/register,拒绝注册
https://gg.miaomiaowu114514.xyz/auth/register,拒绝注册
https://www.douluos.xyz/auth/register,拒绝注册
https://www.kmayun.com/auth/register,拒绝注册
https://www.yropo.top/auth/register,拒绝注册
https://fatball.club/auth/register,拒绝注册
https://yhy001.xyz/auth/register,拒绝注册
https://www.vjth.win/auth/register,拒绝注册
https://iceyun.top/auth/register,拒绝注册
https://www.ktajsq.com/auth/register,拒绝注册
https://jdycloud.xyz/auth/register,拒绝注册
https://v2ray.mom/auth/register,拒绝注册
https://www.kmajsq.com/auth/register,拒绝注册
https://www.xjycloud.org/auth/register,拒绝注册
https://nagao.club/auth/register,拒绝注册
https://immcloud.cc/auth/register,拒绝注册
https://purefast.net/auth/register,拒绝注册
https://linkhub.asia/auth/register,拒绝注册
https://www.xinyun.buzz/auth/register,拒绝注册
https://ssr99.life/auth/register,拒绝注册
https://qtycloud.xyz/auth/register,拒绝注册
https://seecloud.lol/auth/register,拒绝注册
https://www.xjycloud.xyz/auth/register,拒绝注册
https://v.goworld.xyz/auth/register,拒绝注册
https://1.swgj.xyz/auth/register,拒绝注册
https://uuswly.com/auth/register,拒绝注册
https://miao2022.xyz/auth/register,拒绝注册
https://seebeyond2021.com/auth/register,拒绝注册
https://www.jindcloud.net/auth/register,拒绝注册
https://www.chinahnxx.com/auth/register,拒绝注册
https://www.ojbk.pw/auth/register,拒绝注册
https://guangsu.buzz/auth/register,拒绝注册
https://biteb.bar/auth/register,拒绝注册
https://jikuaigo.com/auth/register,拒绝注册
https://laochuanzhang.top/auth/register,拒绝注册
https://www.vpn200.net/auth/register,拒绝注册
https://cyoooo.co/auth/register,拒绝注册
https://akcloud.co/auth/register,拒绝注册
https://client.misakanetwork.co/auth/register,拒绝注册
https://huajic.xyz/auth/register,拒绝注册
https://www.speedy.asia/auth/register,拒绝注册
https://ikuuu.co/auth/register,拒绝注册
https://kapoksub.com/auth/register,拒绝注册
https://srk.bar/auth/register,拒绝注册
https://www.2333turbo.art/auth/register,拒绝注册
https://www.hxrtnt.com/auth/register,拒绝注册
https://sublsj.xyz/auth/register,拒绝注册
https://www.20212345.xyz/auth/register,拒绝注册
https://猫羽雫.com/auth/register,拒绝注册
https://kapok.icu/auth/register,拒绝注册
https://www.bfgnet.cc/auth/register,拒绝注册
https://ybdml.club/auth/register,拒绝注册
https://free.riyumi.xyz/auth/register,拒绝注册
https://biteb.cc/auth/register,拒绝注册
https://m.xhhv2.com/auth/register,拒绝注册
https://www.wkl368.com/auth/register,拒绝注册
https://sdmone.com/auth/register,拒绝注册
https://daboluo.uuufo.xyz/auth/register,拒绝注册
https://www.qtycloud.xyz/auth/register,拒绝注册
https://www.ktykty.com/auth/register,拒绝注册
https://vlinks.asia/auth/register,拒绝注册
https://2021.moct.cloud/auth/register,请求异常(ERROR:302)
https://7cc.buzz/auth/register,请求异常(ERROR:302)
https://fast-fish.one/auth/register,请求异常(ERROR:302)
https://aaxc.club/auth/register,请求异常(ERROR:302)
https://riyumi.xyz/auth/register,请求异常(ERROR:302)
https://www.avjbd.club/auth/register,请求异常(ERROR:302)
https://www.joyssr.com/auth/register,请求异常(ERROR:302)
https://www.xiaoxiaoyun.xyz/auth/register,请求异常(ERROR:302)
https://www.ktayun.com/auth/register,请求异常(ERROR:302)
https://www.sakurazbc.com/auth/register,请求异常(ERROR:302)
https://thjsq.co/auth/register,请求异常(ERROR:302)
https://www.meiccc.com/auth/register,请求异常(ERROR:302)
https://linkhub.today/auth/register,请求异常(ERROR:302)
https://ayucloudservices.com/auth/register,请求异常(ERROR:302)
https://jsmao.net/auth/register,请求异常(ERROR:302)
https://www.jxyun588.xyz/auth/register,请求异常(ERROR:302)
https://ailoli.me/auth/register,请求异常(ERROR:302)
https://www.tudouvp.com/auth/register,请求异常(ERROR:302)
https://my.xhhv2.com/auth/register,请求异常(ERROR:302)
https://foosber.space/auth/register,请求异常(ERROR:302)
https://www.maomi.link/auth/register,请求异常(ERROR:302)
https://niubi.cyou/auth/register,请求异常(ERROR:302)
https://www.xyss.cc/auth/register,请求异常(ERROR:302)
https://roka.vip/auth/register,请求异常(ERROR:302)
https://www.dvacloud.net/auth/register,请求异常(ERROR:302)
https://pupu.live/auth/register,请求异常(ERROR:302)
https://52yun.club/auth/register,请求异常(ERROR:302)
https://kuaiyu.xyz/auth/register,请求异常(ERROR:302)
https://sstzi.com/auth/register,请求异常(ERROR:302)
https://jsmao.org/auth/register,请求异常(ERROR:302)
https://ayucloud.services/auth/register,请求异常(ERROR:302)
https://dash.project-cyber.com/auth/register,请求异常(ERROR:302)
https://www.sufeiyun.win/auth/register,请求异常(ERROR:302)
https://zc001.xyz/auth/register,请求异常(ERROR:302)
https://paimon.cc/auth/register,请求异常(ERROR:302)
https://sevenclub.cc/auth/register,请求异常(ERROR:302)
https://aaaa.xxxxpppp.cyou/auth/register,请求异常(ERROR:302)
https://ofor.cc/auth/register,请求异常(ERROR:302)
https://www.jisutizi.com/auth/register,请求异常(ERROR:302)
https://netdiary.club/auth/register,请求异常(ERROR:302)
https://prime.ypork.com/auth/register,请求异常(ERROR:302)
https://sgv2.club/auth/register,请求异常(ERROR:302)
https://u.vpork.com/auth/register,请求异常(ERROR:302)
https://yhy888.xyz/auth/register,请求异常(ERROR:302)
https://speedsocks.xyz/auth/register,请求异常(ERROR:302)
https://pupuup.tools/auth/register,请求异常(ERROR:302)
https://www.mgjs.cc/auth/register,请求异常(ERROR:302)
https://psyduck.club/auth/register,请求异常(ERROR:302)
https://www.ufox.me/auth/register,请求异常(ERROR:302)
https://tikoky.com/auth/register,请求异常(ERROR:302)
https://www.promey.link/auth/register,请求异常(ERROR:302)
https://cloud.imust.top/auth/register,请求异常(ERROR:302)
https://www.takumitek.co/auth/register,请求异常(ERROR:302)
https://flysocks.in/auth/register,请求异常(ERROR:302)
https://pupucloud.live/auth/register,请求异常(ERROR:302)
https://xmrth.vip/auth/register,请求异常(ERROR:302)
https://www.52yun.club/auth/register,请求异常(ERROR:302)
https://ppssr.tk/auth/register,请求异常(ERROR:302)
https://zukishiro.me/auth/register,请求异常(ERROR:302)
https://nezuko.cc/auth/register,请求异常(ERROR:302)
https://share.ayucloud.io/auth/register,请求异常(ERROR:302)
https://pluto.aaxc.club/auth/register,请求异常(ERROR:302)
https://cyoooo.cc/auth/register,请求异常(ERROR:302)
https://daboluo.buzz/auth/register,请求异常(ERROR:302)
https://tudouvp.com/auth/register,请求异常(ERROR:302)
https://www.imust.cloud/auth/register,请求异常(ERROR:302)
https://www.senlinss.xyz/auth/register,请求异常(ERROR:302)
https://fastnode.info/auth/register,请求异常(ERROR:302)
https://wangpengfei.xyz/auth/register,请求异常(ERROR:302)
https://996icu.tv/auth/register,请求异常(ERROR:302)
https://www.aifan.pro/auth/register,请求异常(ERROR:302)
https://5dyun.cc/auth/register,请求异常(ERROR:302)
https://jsmao.cloud/auth/register,请求异常(ERROR:302)
https://anway.wiki/auth/register,请求异常(ERROR:302)
https://imust.cloud/auth/register,请求异常(ERROR:302)
https://invite.ayucloud.io/auth/register,请求异常(ERROR:302)
https://xi99.xyz/auth/register,请求异常(ERROR:302)
https://fastvpn.top/auth/register,请求异常(ERROR:302)
https://www.joinus.cloud/auth/register,请求异常(ERROR:403)
https://naicha.cloud/auth/register,请求异常(ERROR:403)
https://niuniuniuniu.xyz/auth/register,请求异常(ERROR:403)
https://hey.heygg.com/auth/register,请求异常(ERROR:403)
https://v2.hor1zon.xyz/auth/register,请求异常(ERROR:403)
https://mbky.org/auth/register,请求异常(ERROR:403)
https://www.heygg.com/auth/register,请求异常(ERROR:403)
https://www.baisussr.site/auth/register,请求异常(ERROR:403)
https://www.sufeiyun.icu/auth/register,请求异常(ERROR:403)
https://www.bfgnet.icu/auth/register,请求异常(ERROR:403)
https://weilan.app/auth/register,请求异常(ERROR:404)
https://xxuan3.icu/auth/register,请求异常(ERROR:404)
https://xxss.org/auth/register,请求异常(ERROR:404)
https://mitaocloud8.xyz/auth/register,请求异常(ERROR:404)
https://www.worldnod.com/auth/register,请求异常(ERROR:404)
https://www.tikfk.com/auth/register,请求异常(ERROR:404)
https://www.ashin.us/auth/register,请求异常(ERROR:404)
https://sdmone.pro/auth/register,请求异常(ERROR:404)
https://csyun.cc/auth/register,请求异常(ERROR:404)
https://sspans.com/auth/register,请求异常(ERROR:404)
https://nehc.top/auth/register,请求异常(ERROR:404)
https://www.amatrixap.com/auth/register,请求异常(ERROR:404)
https://savier168.xyz/auth/register,请求异常(ERROR:404)
https://jk178.xyz/auth/register,请求异常(ERROR:404)
https://yesdaddy.win/auth/register,请求异常(ERROR:404)
https://physicxx.com/auth/register,请求异常(ERROR:404)
https://mitaocloud.net/auth/register,请求异常(ERROR:404)
https://www.wssss.shop/auth/register,请求异常(ERROR:404)
https://www.萝莉云.com/auth/register,请求异常(ERROR:404)
https://058850.xyz/auth/register,请求异常(ERROR:404)
https://geekspeed.app/auth/register,请求异常(ERROR:404)
https://www.outwall.net/auth/register,请求异常(ERROR:404)
https://www.yesdaddy.win/auth/register,请求异常(ERROR:404)
https://ashin.us/auth/register,请求异常(ERROR:404)
https://www.ozark.vip/auth/register,请求异常(ERROR:404)
https://gkdcloud.xyz/auth/register,请求异常(ERROR:404)
https://img.1mtt.com/auth/register,请求异常(ERROR:404)
https://worldnod.com/auth/register,请求异常(ERROR:404)
https://savier.xyz/auth/register,请求异常(ERROR:404)
https://keko.moe/auth/register,请求异常(ERROR:404)
https://tds-keitaro.club/auth/register,请求异常(ERROR:410)
https://www.turbolink.xyz/auth/register,请求异常(ERROR:410)
https://miaoyun.xyz/auth/register,请求异常(ERROR:410)
https://cat.cloudnetwork.pro/auth/register,请求异常(ERROR:502)
https://invite.cloudnetwork.pro/auth/register,请求异常(ERROR:502)
https://ayu-ssr.com/auth/register,请求异常(ERROR:502)
https://bbs.cloudnetwork.pro/auth/register,请求异常(ERROR:502)
https://client.cloudnetwork.pro/auth/register,请求异常(ERROR:502)
https://nsfwcloud.com/auth/register,请求异常(ERROR:521)
https://www.patrickstarcloud.com/auth/register,请求异常(ERROR:521)
https://stovpn.com/auth/register,请求异常(ERROR:521)
https://fastfox.cc/auth/register,请求异常(ERROR:521)
https://judelvin.com/auth/register,请求异常(ERROR:522)
https://matrixap.com/auth/register,请求异常(ERROR:522)
https://eins-klien.top/auth/register,请求异常(ERROR:522)
https://wolaile.icu/auth/register,请求异常(ERROR:522)
https://www.heduian.pw/auth/register,请求异常(ERROR:522)
https://dadiangan.com/auth/register,请求异常(ERROR:522)
https://budog.xyz/auth/register,请求异常(ERROR:522)
https://www.nydus.cyou/auth/register,请求异常(ERROR:522)
https://woyaojiasu.com/auth/register,请求异常(ERROR:522)
https://wol.company/auth/register,请求异常(ERROR:522)
https://vtol.pw/auth/register,请求异常(ERROR:522)
https://nydus.cyou/auth/register,请求异常(ERROR:523)
https://abc-vpn.com/auth/register,请求异常(ERROR:523)
https://iplcfast.com/auth/register,请求异常(ERROR:526)
https://www.ledlandi.com/auth/register,请求异常(ERROR:530)
https://土司云.com/auth/register,请求异常(ERROR:530)
https://alick.co/auth/register,限制注册(邀请)
https://socloud.fun/auth/register,限制注册(邀请)
https://333bear.com/auth/register,限制注册(邀请)
https://2mbcloud.com/auth/register,限制注册(邀请)
https://lspjs01.com/auth/register,限制注册(邀请)
https://socloud.cc/auth/register,限制注册(邀请)
https://ss.nanlili.com/auth/register,限制注册(邀请)
https://1314159.xyz/auth/register,限制注册(邀请)
https://3300ml.com/auth/register,限制注册(邀请)
https://socloud.me/auth/register,限制注册(邀请)
https://zcssr.com/auth/register,限制注册(邀请)
https://www.dinuxcloud.com/auth/register,限制注册(邀请)
https://client.vpn-tn.com/auth/register,限制注册(邀请)
https://fq.mk/auth/register,限制注册(邀请)
https://www.sjlx.win/auth/register,限制注册(邀请)
https://wdnmd.click/auth/register,限制注册(邀请)
https://jssj.cyou/auth/register,限制注册(邀请)
https://cw.uni-apps.com/auth/register,限制注册(邀请)
https://i919.gaman.cc/auth/register,限制注册(邀请)
https://go.mllss.com/auth/register,限制注册(邀请)
https://2mb.network/auth/register,限制注册(邀请)
https://www.1314159.xyz/auth/register,限制注册(邀请)
https://netsky.club/auth/register,限制注册(邀请)
https://xtspeeder.com/auth/register,限制注册(邀请)
https://zzhijs.com/auth/register,限制注册(邀请)
https://3900ml.com/auth/register,限制注册(邀请)
https://orz.mk/auth/register,限制注册(邀请)
https://flyall.me/auth/register,限制注册(邮箱)
https://echo99.xyz/auth/register,限制注册(邮箱)
https://www.299.best/auth/register,限制注册(邮箱)
https://applegame.xyz/auth/register,限制注册(邮箱)
https://linkhub.mobi/auth/register,限制注册(邮箱)
https://somersaultcloud.top/auth/register,限制注册(邮箱)
https://www.hjtnt.vip/auth/register,限制注册(邮箱)
https://surfduck.co/auth/register,限制注册(邮箱)
https://yiyo.io/auth/register,限制注册(邮箱)
https://www.woccloud.io/auth/register,限制注册(邮箱)
https://renshui.so-fast.org/auth/register,限制注册(邮箱)
https://www.applegame.xyz/auth/register,限制注册(邮箱)
https://fly.catcottage.us/auth/register,限制注册(邮箱)
https://hyss.org/auth/register,限制注册(邮箱)
https://linbei.net/auth/register,限制注册(邮箱)
https://www.flyall.me/auth/register,限制注册(邮箱)
https://www.luckyant.xyz/auth/register,限制注册(邮箱)
https://flexlinex.com/auth/register,限制注册(邮箱)
https://fastnode.me/auth/register,限制注册(邮箱)
https://paofu.cloud/auth/register,限制注册(邮箱)
https://www.iwuji.xyz/auth/register,限制注册(邮箱)
https://lanlianhuayun.com/auth/register,限制注册(邮箱)
https://v2find.club/auth/register,限制注册(邮箱)
https://4thunter.net/auth/register,限制注册(邮箱)
https://www.sufeiyun.com/auth/register,限制注册(邮箱)
https://sufeiyun.com/auth/register,限制注册(邮箱)
https://zerocloud.biz/auth/register,限制注册(邮箱)
https://www.onelight.cc/auth/register,限制注册(邮箱)
https://ikuuu.org/auth/register,限制注册(邮箱)
https://www.jobjapan.com/auth/register,限制注册(邮箱)
https://roki.cc/auth/register,限制注册(邮箱)
https://ddjppt.shop/auth/register,限制注册(邮箱)
https://www.zifanr.net/auth/register,限制注册(邮箱)
https://popocloud.xyz/auth/register,限制注册(邮箱)
https://yiyo.mobi/auth/register,限制注册(邮箱)
https://www.paofu.cloud/auth/register,限制注册(邮箱)
https://roka.cc/auth/register,限制注册(邮箱)
https://www.marst1.com/auth/register,限制注册(邮箱)
https://7sucloud.xyz/auth/register,限制注册(邮箱)
https://www.hjtnt.link/auth/register,限制注册(邮箱)
https://qfculture.xyz/auth/register,限制注册(邮箱)
https://heisenberg.club/auth/register,限制注册(邮箱)
https://flexline.xyz/auth/register,限制注册(邮箱)
https://www.hjtnt.cc/auth/register,限制注册(邮箱)
https://www.somersaultcloud.top/auth/register,限制注册(邮箱)
https://www.jisutizi.xyz/auth/register,限制注册(邮箱)
https://www.rickroll.one/auth/register,限制注册(邮箱)
https://www.4396.link/auth/register,限制注册(邮箱)
https://www.roka.cc/auth/register,限制注册(邮箱)
https://www.bfgok.top/auth/register,限制注册(邮箱)
https://22044.xyz/auth/register,限制注册(邮箱)
https://ifaner.org/auth/register,限制注册(邮箱)
https://jisutizi.xyz/auth/register,限制注册(邮箱)
https://www.luckyair.xyz/auth/register,限制注册(邮箱)
https://www.2233.wtf/auth/register,限制注册(邮箱)
https://easier.site/auth/register,限制注册(邮箱)
https://bcloudv.com/auth/register,限制注册(邮箱)
https://www.flexline0.com/auth/register,限制注册(邮箱)
https://mxwljsq.top/auth/register,限制注册(邮箱)
https://user.58ppyun.com/auth/register,限制注册(邮箱)
https://mxwljsq.com/auth/register,限制注册(邮箱)
https://www.so-fast.org/auth/register,限制注册(邮箱)
